{"epoch": 0, "loss": 5.142184734344482, "masked_accuracy": 0.2542112171649933, "val_loss": 4.052461624145508, "val_masked_accuracy": 0.3389589488506317}
{"epoch": 1, "loss": 3.4044950008392334, "masked_accuracy": 0.4076167047023773, "val_loss": 2.680842876434326, "val_masked_accuracy": 0.4931648373603821}
{"epoch": 2, "loss": 2.2035763263702393, "masked_accuracy": 0.5668042898178101, "val_loss": 1.6078888177871704, "val_masked_accuracy": 0.6718076467514038}
{"epoch": 3, "loss": 1.3946820497512817, "masked_accuracy": 0.7055909633636475, "val_loss": 1.0012550354003906, "val_masked_accuracy": 0.7880827784538269}
{"epoch": 4, "loss": 0.9730700850486755, "masked_accuracy": 0.7834990620613098, "val_loss": 0.6981620788574219, "val_masked_accuracy": 0.8463545441627502}
{"epoch": 5, "loss": 0.7560965418815613, "masked_accuracy": 0.8247208595275879, "val_loss": 0.5481341481208801, "val_masked_accuracy": 0.8748427629470825}
{"epoch": 6, "loss": 0.633208692073822, "masked_accuracy": 0.8486443758010864, "val_loss": 0.47614389657974243, "val_masked_accuracy": 0.8881656527519226}
{"epoch": 7, "loss": 0.5551400184631348, "masked_accuracy": 0.8643534183502197, "val_loss": 0.41332632303237915, "val_masked_accuracy": 0.9018413424491882}
{"epoch": 8, "loss": 0.49865031242370605, "masked_accuracy": 0.8760015368461609, "val_loss": 0.37531566619873047, "val_masked_accuracy": 0.9095237851142883}
{"epoch": 9, "loss": 0.45771297812461853, "masked_accuracy": 0.8846681118011475, "val_loss": 0.35282713174819946, "val_masked_accuracy": 0.9134723544120789}
{"epoch": 10, "loss": 0.42486244440078735, "masked_accuracy": 0.8915416598320007, "val_loss": 0.33108261227607727, "val_masked_accuracy": 0.9185683131217957}
{"epoch": 11, "loss": 0.39837440848350525, "masked_accuracy": 0.8972152471542358, "val_loss": 0.31885144114494324, "val_masked_accuracy": 0.9209339022636414}
{"epoch": 12, "loss": 0.3754035532474518, "masked_accuracy": 0.902226448059082, "val_loss": 0.30471906065940857, "val_masked_accuracy": 0.9234919548034668}
{"epoch": 13, "loss": 0.3565107583999634, "masked_accuracy": 0.9061666131019592, "val_loss": 0.28891950845718384, "val_masked_accuracy": 0.927132785320282}
{"epoch": 14, "loss": 0.3400523066520691, "masked_accuracy": 0.9098314046859741, "val_loss": 0.2806430160999298, "val_masked_accuracy": 0.9294881820678711}
{"epoch": 15, "loss": 0.3538082242012024, "masked_accuracy": 0.9072685837745667, "val_loss": 0.21828585863113403, "val_masked_accuracy": 0.9442101120948792}
{"epoch": 16, "loss": 0.3302796185016632, "masked_accuracy": 0.9123786687850952, "val_loss": 0.2196090966463089, "val_masked_accuracy": 0.9432491064071655}
{"epoch": 17, "loss": 0.31550246477127075, "masked_accuracy": 0.9158684015274048, "val_loss": 0.2134401649236679, "val_masked_accuracy": 0.9446437358856201}
{"epoch": 18, "loss": 0.3016189932823181, "masked_accuracy": 0.9188287258148193, "val_loss": 0.20815680921077728, "val_masked_accuracy": 0.9457591772079468}
{"epoch": 19, "loss": 0.28998062014579773, "masked_accuracy": 0.9214061498641968, "val_loss": 0.20840780436992645, "val_masked_accuracy": 0.9456369876861572}
{"epoch": 20, "loss": 0.27869147062301636, "masked_accuracy": 0.9241407513618469, "val_loss": 0.20398057997226715, "val_masked_accuracy": 0.9468234777450562}
{"epoch": 21, "loss": 0.2693539559841156, "masked_accuracy": 0.9261634945869446, "val_loss": 0.20515133440494537, "val_masked_accuracy": 0.9461009502410889}
{"epoch": 22, "loss": 0.26151421666145325, "masked_accuracy": 0.9280415177345276, "val_loss": 0.20296132564544678, "val_masked_accuracy": 0.9470739364624023}
{"epoch": 23, "loss": 0.25192326307296753, "masked_accuracy": 0.9303939342498779, "val_loss": 0.20346571505069733, "val_masked_accuracy": 0.9467200040817261}
{"epoch": 24, "loss": 0.24623209238052368, "masked_accuracy": 0.9317883253097534, "val_loss": 0.2005501091480255, "val_masked_accuracy": 0.9474851489067078}
{"epoch": 25, "loss": 0.23767118155956268, "masked_accuracy": 0.9335981607437134, "val_loss": 0.20103640854358673, "val_masked_accuracy": 0.9472650289535522}
{"epoch": 26, "loss": 0.23211145401000977, "masked_accuracy": 0.935099720954895, "val_loss": 0.19454361498355865, "val_masked_accuracy": 0.9488997459411621}
{"epoch": 27, "loss": 0.22567881643772125, "masked_accuracy": 0.936587929725647, "val_loss": 0.1938725709915161, "val_masked_accuracy": 0.9488506317138672}
{"epoch": 28, "loss": 0.21963006258010864, "masked_accuracy": 0.9381502866744995, "val_loss": 0.19846007227897644, "val_masked_accuracy": 0.9482767581939697}
{"epoch": 29, "loss": 0.2146279364824295, "masked_accuracy": 0.9392461776733398, "val_loss": 0.1938653588294983, "val_masked_accuracy": 0.9491756558418274}
